{"cameraMode":{"drawMode":0,"name":"Shaded","section":"Shading Mode"},"sceneLighting":false,"audioPlay":false,"sceneViewState":{"showFog":false,"showMaterialUpdate":false,"showSkybox":false,"showFlares":false,"showImageEffects":false,"showParticleSystems":false,"showVisualEffectGraphs":true,"m_FxEnabled":true},"in2DMode":false,"pivot":{"x":-0.09127596020698548,"y":0.12634432315826417,"z":-1.4124621152877808},"rotation":{"x":-0.017105743288993837,"y":0.9338262677192688,"z":-0.35502222180366518,"w":-0.0444958321750164},"size":1.207395076751709,"orthographic":false}