{"cameraMode":{"drawMode":0,"name":"Shaded","section":"Shading Mode"},"sceneLighting":false,"audioPlay":false,"sceneViewState":{"showFog":false,"showMaterialUpdate":false,"showSkybox":false,"showFlares":false,"showImageEffects":false,"showParticleSystems":false,"showVisualEffectGraphs":true,"m_FxEnabled":true},"in2DMode":false,"pivot":{"x":0.000009715557098388672,"y":0.84315425157547,"z":0.014843106269836426},"rotation":{"x":0.11551044881343842,"y":0.6898965835571289,"z":-0.11305324733257294,"w":0.7058690190315247},"size":1.3501297235488892,"orthographic":false}