{"cameraMode":{"drawMode":0,"name":"Shaded","section":"Shading Mode"},"sceneLighting":true,"audioPlay":false,"sceneViewState":{"showFog":true,"showMaterialUpdate":false,"showSkybox":true,"showFlares":true,"showImageEffects":true,"showParticleSystems":true,"showVisualEffectGraphs":true,"m_FxEnabled":true},"in2DMode":false,"pivot":{"x":1.179638147354126,"y":0.015430331230163575,"z":-4.0873894691467289},"rotation":{"x":0.45630550384521487,"y":0.47698861360549929,"z":-0.32026487588882449,"w":0.6795650720596314},"size":1.8073949813842774,"orthographic":false}