{"cameraMode":{"drawMode":0,"name":"Shaded","section":"Shading Mode"},"sceneLighting":false,"audioPlay":false,"sceneViewState":{"showFog":false,"showMaterialUpdate":false,"showSkybox":false,"showFlares":false,"showImageEffects":false,"showParticleSystems":false,"showVisualEffectGraphs":true,"m_FxEnabled":true},"in2DMode":false,"pivot":{"x":-0.11101283878087998,"y":0.41420263051986697,"z":0.7522674798965454},"rotation":{"x":0.047974903136491778,"y":0.9410830140113831,"z":-0.1512405127286911,"w":0.29921478033065798},"size":0.25549983978271487,"orthographic":false}